{
    "loss": 0.41970375180244446,
    "accuracy": 0.8589743375778198
}