{
    "loss": 0.5294720530509949,
    "accuracy": 0.7051281929016113
}